<?xml version="1.0" encoding="UTF-8" standalone="no"?>
<!DOCTYPE score-partwise PUBLIC
 "-//Recordare//DTD MusicXML 3.0 Partwise//EN"
 "http://www.musicxml.org/dtds/partwise.dtd">
<score-partwise version="3.0">
 <part-list>
 <score-part id="P1">
 <part-name>Music</part-name>
 </score-part>
 </part-list>
 <part id="P1">


<measure number="1">
 <attributes>
 <divisions>24</divisions>
 <key>
 <fifths>0</fifths>
 </key>
 <time>
 <beats>4</beats>
 <beat-type>4</beat-type>
 </time>
 <clef>
 <sign>G</sign>
 <line>2</line>
 </clef>
 </attributes>
      <sound tempo="120"/>
<note>
 <pitch> 
 <step>F</step>
 <alter> 1 </alter>
 <octave>5</octave>
  </pitch>
 <duration>96</duration>
  <voice>1</voice>
  <type>whole</type>
  <accidental>sharp</accidental>
 </note>

</measure>
<measure number="1">
 <attributes>
 <divisions>24</divisions>
 <key>
 <fifths>0</fifths>
 </key>
 <time>
 <beats>4</beats>
 <beat-type>4</beat-type>
 </time>
 <clef>
 <sign>G</sign>
 <line>2</line>
 </clef>
 </attributes>
      <sound tempo="120"/>
<note>
 <pitch> 
 <step>C</step>
 <alter> 1 </alter>
 <octave>5</octave>
  </pitch>
 <duration>24</duration>
  <voice>1</voice>
  <type>quarter</type>
  <accidental>sharp</accidental>
 </note>
<note>
 <pitch> 
 <step>D</step>
  <octave>5</octave>
  </pitch>
 <duration>24</duration>
  <voice>1</voice>
  <type>quarter</type>
 </note>
<note>
 <pitch> 
 <step>D</step>
  <octave>5</octave>
  </pitch>
 <duration>24</duration>
  <voice>1</voice>
  <type>quarter</type>
 </note>
<note>
 <pitch> 
 <step>E</step>
  <octave>5</octave>
  </pitch>
 <duration>96</duration>
  <voice>1</voice>
  <type>whole</type>
 </note>

</measure>
<measure number="1">
 <attributes>
 <divisions>24</divisions>
 <key>
 <fifths>0</fifths>
 </key>
 <time>
 <beats>4</beats>
 <beat-type>4</beat-type>
 </time>
 <clef>
 <sign>G</sign>
 <line>2</line>
 </clef>
 </attributes>
      <sound tempo="120"/>

</measure>
<measure number="1">
 <attributes>
 <divisions>24</divisions>
 <key>
 <fifths>0</fifths>
 </key>
 <time>
 <beats>4</beats>
 <beat-type>4</beat-type>
 </time>
 <clef>
 <sign>G</sign>
 <line>2</line>
 </clef>
 </attributes>
      <sound tempo="120"/>

</measure>
 </part>
</score-partwise>

